<?xml version='1.0' encoding='UTF-8' standalone='no'?>
<doxygen xmlns:xsi="http://www.w3.org/2001/XMLSchema-instance" xsi:noNamespaceSchemaLocation="compound.xsd" version="1.9.1" xml:lang="en-US">
  <compounddef id="_client_8java" kind="file" language="Java">
    <compoundname>Client.java</compoundname>
    <innerclass refid="class_client" prot="public">Client</innerclass>
    <innernamespace refid="namespacejava_1_1io">java::io</innernamespace>
    <innernamespace refid="namespacejava_1_1net">java::net</innernamespace>
    <briefdescription>
    </briefdescription>
    <detaileddescription>
    </detaileddescription>
    <programlisting>
<codeline lineno="1"><highlight class="comment">//</highlight><highlight class="normal"></highlight></codeline>
<codeline lineno="2"><highlight class="normal"></highlight><highlight class="comment">//<sp/>Client<sp/>Java<sp/>pour<sp/>communiquer<sp/>avec<sp/>le<sp/>Serveur<sp/>C++<sp/></highlight><highlight class="normal"></highlight></codeline>
<codeline lineno="3"><highlight class="normal"></highlight><highlight class="comment">//<sp/>eric<sp/>lecolinet<sp/>-<sp/>telecom<sp/>paristech<sp/>-<sp/>2015</highlight><highlight class="normal"></highlight></codeline>
<codeline lineno="4"><highlight class="normal"></highlight><highlight class="comment">//</highlight><highlight class="normal"></highlight></codeline>
<codeline lineno="5"><highlight class="normal"></highlight></codeline>
<codeline lineno="6"><highlight class="normal"></highlight><highlight class="keyword">import</highlight><highlight class="normal"><sp/>java.io.*;</highlight></codeline>
<codeline lineno="7"><highlight class="normal"></highlight><highlight class="keyword">import</highlight><highlight class="normal"><sp/>java.net.*;</highlight></codeline>
<codeline lineno="8"><highlight class="normal"></highlight></codeline>
<codeline lineno="9" refid="class_client" refkind="compound"><highlight class="normal"></highlight><highlight class="keyword">public</highlight><highlight class="normal"><sp/></highlight><highlight class="keyword">class<sp/></highlight><highlight class="normal"><ref refid="class_client" kindref="compound">Client</ref></highlight></codeline>
<codeline lineno="10"><highlight class="normal">{</highlight></codeline>
<codeline lineno="11"><highlight class="normal"><sp/><sp/></highlight><highlight class="keyword">private</highlight><highlight class="normal"><sp/></highlight><highlight class="keyword">static</highlight><highlight class="normal"><sp/></highlight><highlight class="keyword">final</highlight><highlight class="normal"><sp/></highlight><highlight class="keywordtype">long</highlight><highlight class="normal"><sp/>serialVersionUID<sp/>=<sp/>1L;</highlight></codeline>
<codeline lineno="12"><highlight class="normal"><sp/><sp/></highlight><highlight class="keyword">static</highlight><highlight class="normal"><sp/></highlight><highlight class="keyword">final</highlight><highlight class="normal"><sp/>String<sp/>DEFAULT_HOST<sp/>=<sp/></highlight><highlight class="stringliteral">&quot;localhost&quot;</highlight><highlight class="normal">;</highlight></codeline>
<codeline lineno="13"><highlight class="normal"><sp/><sp/></highlight><highlight class="keyword">static</highlight><highlight class="normal"><sp/></highlight><highlight class="keyword">final</highlight><highlight class="normal"><sp/></highlight><highlight class="keywordtype">int</highlight><highlight class="normal"><sp/>DEFAULT_PORT<sp/>=<sp/>3331;</highlight></codeline>
<codeline lineno="14"><highlight class="normal"><sp/><sp/></highlight><highlight class="keyword">private</highlight><highlight class="normal"><sp/>Socket<sp/>sock;</highlight></codeline>
<codeline lineno="15"><highlight class="normal"><sp/><sp/></highlight><highlight class="keyword">private</highlight><highlight class="normal"><sp/>BufferedReader<sp/>input;</highlight></codeline>
<codeline lineno="16"><highlight class="normal"><sp/><sp/></highlight><highlight class="keyword">private</highlight><highlight class="normal"><sp/>BufferedWriter<sp/>output;</highlight></codeline>
<codeline lineno="17"><highlight class="normal"></highlight></codeline>
<codeline lineno="18"><highlight class="normal"><sp/><sp/></highlight><highlight class="comment">//<sp/>-<sp/>-<sp/>-<sp/>-<sp/>-<sp/>-<sp/>-<sp/>-<sp/>-<sp/>-<sp/>-<sp/>-<sp/>-<sp/>-<sp/>-<sp/>-<sp/>-<sp/>-<sp/>-<sp/>-<sp/>-<sp/>-<sp/>-<sp/>-<sp/>-<sp/>-<sp/>-<sp/>-<sp/>-<sp/>-<sp/>-<sp/>-<sp/>-<sp/>-<sp/>-</highlight><highlight class="normal"></highlight></codeline>
<codeline lineno="19"><highlight class="normal"><sp/><sp/></highlight></codeline>
<codeline lineno="25"><highlight class="normal"><sp/><sp/></highlight><highlight class="keyword">public</highlight><highlight class="normal"><sp/></highlight><highlight class="keyword">static</highlight><highlight class="normal"><sp/></highlight><highlight class="keywordtype">void</highlight><highlight class="normal"><sp/><ref refid="class_client_1ac9fec818083d641b633a8e4a75d981a7" kindref="member">main</ref>(String<sp/>argv[])<sp/>{</highlight></codeline>
<codeline lineno="26"><highlight class="normal"><sp/><sp/><sp/><sp/>String<sp/>host<sp/>=<sp/>DEFAULT_HOST;</highlight></codeline>
<codeline lineno="27"><highlight class="normal"><sp/><sp/><sp/><sp/></highlight><highlight class="keywordtype">int</highlight><highlight class="normal"><sp/>port<sp/>=<sp/>DEFAULT_PORT;</highlight></codeline>
<codeline lineno="28"><highlight class="normal"><sp/><sp/><sp/><sp/></highlight><highlight class="keywordflow">if</highlight><highlight class="normal"><sp/>(argv.length<sp/>&gt;=1)<sp/>host<sp/>=<sp/>argv[0];</highlight></codeline>
<codeline lineno="29"><highlight class="normal"><sp/><sp/><sp/><sp/></highlight><highlight class="keywordflow">if</highlight><highlight class="normal"><sp/>(argv.length<sp/>&gt;=2)<sp/>port<sp/>=<sp/>Integer.parseInt(argv[1]);</highlight></codeline>
<codeline lineno="30"><highlight class="normal"><sp/><sp/><sp/><sp/></highlight></codeline>
<codeline lineno="31"><highlight class="normal"><sp/><sp/><sp/><sp/><ref refid="class_client" kindref="compound">Client</ref><sp/>client<sp/>=<sp/></highlight><highlight class="keyword">null</highlight><highlight class="normal">;</highlight></codeline>
<codeline lineno="32"><highlight class="normal"><sp/><sp/><sp/><sp/></highlight></codeline>
<codeline lineno="33"><highlight class="normal"><sp/><sp/><sp/><sp/></highlight><highlight class="keywordflow">try</highlight><highlight class="normal"><sp/>{</highlight></codeline>
<codeline lineno="34"><highlight class="normal"><sp/><sp/><sp/><sp/><sp/><sp/>client<sp/>=<sp/></highlight><highlight class="keyword">new</highlight><highlight class="normal"><sp/><ref refid="class_client_1a163113b9c3fda23dcdc750db9278afbe" kindref="member">Client</ref>(host,<sp/>port);</highlight></codeline>
<codeline lineno="35"><highlight class="normal"><sp/><sp/><sp/><sp/>}</highlight></codeline>
<codeline lineno="36"><highlight class="normal"><sp/><sp/><sp/><sp/></highlight><highlight class="keywordflow">catch</highlight><highlight class="normal"><sp/>(Exception<sp/>e)<sp/>{</highlight></codeline>
<codeline lineno="37"><highlight class="normal"><sp/><sp/><sp/><sp/><sp/><sp/>System.err.println(</highlight><highlight class="stringliteral">&quot;Client:<sp/>Couldn&apos;t<sp/>connect<sp/>to<sp/>&quot;</highlight><highlight class="normal">+host+</highlight><highlight class="stringliteral">&quot;:&quot;</highlight><highlight class="normal">+port);</highlight></codeline>
<codeline lineno="38"><highlight class="normal"><sp/><sp/><sp/><sp/><sp/><sp/>System.exit(1);</highlight></codeline>
<codeline lineno="39"><highlight class="normal"><sp/><sp/><sp/><sp/>}</highlight></codeline>
<codeline lineno="40"><highlight class="normal"><sp/><sp/><sp/><sp/></highlight></codeline>
<codeline lineno="41"><highlight class="normal"><sp/><sp/><sp/><sp/>System.out.println(</highlight><highlight class="stringliteral">&quot;Client<sp/>connected<sp/>to<sp/>&quot;</highlight><highlight class="normal">+host+</highlight><highlight class="stringliteral">&quot;:&quot;</highlight><highlight class="normal">+port);</highlight></codeline>
<codeline lineno="42"><highlight class="normal"></highlight></codeline>
<codeline lineno="43"><highlight class="normal"><sp/><sp/><sp/><sp/></highlight><highlight class="comment">//<sp/>pour<sp/>lire<sp/>depuis<sp/>la<sp/>console</highlight><highlight class="normal"></highlight></codeline>
<codeline lineno="44"><highlight class="normal"><sp/><sp/><sp/><sp/>BufferedReader<sp/>cin<sp/>=<sp/></highlight><highlight class="keyword">new</highlight><highlight class="normal"><sp/>BufferedReader(</highlight><highlight class="keyword">new</highlight><highlight class="normal"><sp/>InputStreamReader(System.in));</highlight></codeline>
<codeline lineno="45"><highlight class="normal"><sp/><sp/><sp/><sp/></highlight></codeline>
<codeline lineno="46"><highlight class="normal"><sp/><sp/><sp/><sp/></highlight><highlight class="keywordflow">while</highlight><highlight class="normal"><sp/>(</highlight><highlight class="keyword">true</highlight><highlight class="normal">)<sp/>{</highlight></codeline>
<codeline lineno="47"><highlight class="normal"><sp/><sp/><sp/><sp/><sp/><sp/>System.out.print(</highlight><highlight class="stringliteral">&quot;Request:<sp/>&quot;</highlight><highlight class="normal">);</highlight></codeline>
<codeline lineno="48"><highlight class="normal"><sp/><sp/><sp/><sp/><sp/><sp/></highlight><highlight class="keywordflow">try</highlight><highlight class="normal"><sp/>{</highlight></codeline>
<codeline lineno="49"><highlight class="normal"><sp/><sp/><sp/><sp/><sp/><sp/><sp/><sp/>String<sp/>request<sp/>=<sp/>cin.readLine();</highlight></codeline>
<codeline lineno="50"><highlight class="normal"><sp/><sp/><sp/><sp/><sp/><sp/><sp/><sp/>String<sp/>response<sp/>=<sp/>client.<ref refid="class_client_1ab26831c395da92b5893066f9ce7963a4" kindref="member">send</ref>(request);</highlight></codeline>
<codeline lineno="51"><highlight class="normal"><sp/><sp/><sp/><sp/><sp/><sp/><sp/><sp/>System.out.println(</highlight><highlight class="stringliteral">&quot;Response:<sp/>&quot;</highlight><highlight class="normal"><sp/>+<sp/>response);</highlight></codeline>
<codeline lineno="52"><highlight class="normal"><sp/><sp/><sp/><sp/><sp/><sp/>}</highlight></codeline>
<codeline lineno="53"><highlight class="normal"><sp/><sp/><sp/><sp/><sp/><sp/></highlight><highlight class="keywordflow">catch</highlight><highlight class="normal"><sp/>(java.io.IOException<sp/>e)<sp/>{</highlight></codeline>
<codeline lineno="54"><highlight class="normal"><sp/><sp/><sp/><sp/><sp/><sp/><sp/><sp/>System.err.println(</highlight><highlight class="stringliteral">&quot;Client:<sp/>IO<sp/>error&quot;</highlight><highlight class="normal">);</highlight></codeline>
<codeline lineno="55"><highlight class="normal"><sp/><sp/><sp/><sp/><sp/><sp/><sp/><sp/></highlight><highlight class="keywordflow">return</highlight><highlight class="normal">;</highlight></codeline>
<codeline lineno="56"><highlight class="normal"><sp/><sp/><sp/><sp/><sp/><sp/>}</highlight></codeline>
<codeline lineno="57"><highlight class="normal"><sp/><sp/><sp/><sp/>}</highlight></codeline>
<codeline lineno="58"><highlight class="normal"><sp/><sp/>}</highlight></codeline>
<codeline lineno="59"><highlight class="normal"></highlight></codeline>
<codeline lineno="60"><highlight class="normal"><sp/><sp/></highlight><highlight class="comment">//<sp/>-<sp/>-<sp/>-<sp/>-<sp/>-<sp/>-<sp/>-<sp/>-<sp/>-<sp/>-<sp/>-<sp/>-<sp/>-<sp/>-<sp/>-<sp/>-<sp/>-<sp/>-<sp/>-<sp/>-<sp/>-<sp/>-<sp/>-<sp/>-<sp/>-<sp/>-<sp/>-<sp/>-<sp/>-<sp/>-<sp/>-<sp/>-<sp/>-<sp/>-<sp/>-</highlight><highlight class="normal"></highlight></codeline>
<codeline lineno="61"><highlight class="normal"></highlight></codeline>
<codeline lineno="66"><highlight class="normal"><sp/><sp/></highlight><highlight class="keyword">public</highlight><highlight class="normal"><sp/><ref refid="class_client_1a163113b9c3fda23dcdc750db9278afbe" kindref="member">Client</ref>(String<sp/>host,<sp/></highlight><highlight class="keywordtype">int</highlight><highlight class="normal"><sp/>port)<sp/></highlight><highlight class="keywordflow">throws</highlight><highlight class="normal"><sp/>UnknownHostException,<sp/>IOException<sp/>{</highlight></codeline>
<codeline lineno="67"><highlight class="normal"><sp/><sp/><sp/><sp/></highlight><highlight class="keywordflow">try</highlight><highlight class="normal"><sp/>{</highlight></codeline>
<codeline lineno="68"><highlight class="normal"><sp/><sp/><sp/><sp/><sp/><sp/>sock<sp/>=<sp/></highlight><highlight class="keyword">new</highlight><highlight class="normal"><sp/>java.net.Socket(host,<sp/>port);</highlight></codeline>
<codeline lineno="69"><highlight class="normal"><sp/><sp/><sp/><sp/>}</highlight></codeline>
<codeline lineno="70"><highlight class="normal"><sp/><sp/><sp/><sp/></highlight><highlight class="keywordflow">catch</highlight><highlight class="normal"><sp/>(java.net.UnknownHostException<sp/>e)<sp/>{</highlight></codeline>
<codeline lineno="71"><highlight class="normal"><sp/><sp/><sp/><sp/><sp/><sp/>System.err.println(</highlight><highlight class="stringliteral">&quot;Client:<sp/>Couldn&apos;t<sp/>find<sp/>host<sp/>&quot;</highlight><highlight class="normal">+host+</highlight><highlight class="stringliteral">&quot;:&quot;</highlight><highlight class="normal">+port);</highlight></codeline>
<codeline lineno="72"><highlight class="normal"><sp/><sp/><sp/><sp/><sp/><sp/></highlight><highlight class="keywordflow">throw</highlight><highlight class="normal"><sp/>e;</highlight></codeline>
<codeline lineno="73"><highlight class="normal"><sp/><sp/><sp/><sp/>}</highlight></codeline>
<codeline lineno="74"><highlight class="normal"><sp/><sp/><sp/><sp/></highlight><highlight class="keywordflow">catch</highlight><highlight class="normal"><sp/>(java.io.IOException<sp/>e)<sp/>{</highlight></codeline>
<codeline lineno="75"><highlight class="normal"><sp/><sp/><sp/><sp/><sp/><sp/>System.err.println(</highlight><highlight class="stringliteral">&quot;Client:<sp/>Couldn&apos;t<sp/>reach<sp/>host<sp/>&quot;</highlight><highlight class="normal">+host+</highlight><highlight class="stringliteral">&quot;:&quot;</highlight><highlight class="normal">+port);</highlight></codeline>
<codeline lineno="76"><highlight class="normal"><sp/><sp/><sp/><sp/><sp/><sp/></highlight><highlight class="keywordflow">throw</highlight><highlight class="normal"><sp/>e;</highlight></codeline>
<codeline lineno="77"><highlight class="normal"><sp/><sp/><sp/><sp/>}</highlight></codeline>
<codeline lineno="78"><highlight class="normal"><sp/><sp/><sp/><sp/></highlight></codeline>
<codeline lineno="79"><highlight class="normal"><sp/><sp/><sp/><sp/></highlight><highlight class="keywordflow">try</highlight><highlight class="normal"><sp/>{</highlight></codeline>
<codeline lineno="80"><highlight class="normal"><sp/><sp/><sp/><sp/><sp/><sp/>input<sp/>=<sp/></highlight><highlight class="keyword">new</highlight><highlight class="normal"><sp/>BufferedReader(</highlight><highlight class="keyword">new</highlight><highlight class="normal"><sp/>InputStreamReader(sock.getInputStream()));</highlight></codeline>
<codeline lineno="81"><highlight class="normal"><sp/><sp/><sp/><sp/><sp/><sp/>output<sp/>=<sp/></highlight><highlight class="keyword">new</highlight><highlight class="normal"><sp/>BufferedWriter(</highlight><highlight class="keyword">new</highlight><highlight class="normal"><sp/>OutputStreamWriter(sock.getOutputStream()));</highlight></codeline>
<codeline lineno="82"><highlight class="normal"><sp/><sp/><sp/><sp/>}</highlight></codeline>
<codeline lineno="83"><highlight class="normal"><sp/><sp/><sp/><sp/></highlight><highlight class="keywordflow">catch</highlight><highlight class="normal"><sp/>(java.io.IOException<sp/>e)<sp/>{</highlight></codeline>
<codeline lineno="84"><highlight class="normal"><sp/><sp/><sp/><sp/><sp/><sp/>System.err.println(</highlight><highlight class="stringliteral">&quot;Client:<sp/>Couldn&apos;t<sp/>open<sp/>input<sp/>or<sp/>output<sp/>streams&quot;</highlight><highlight class="normal">);</highlight></codeline>
<codeline lineno="85"><highlight class="normal"><sp/><sp/><sp/><sp/><sp/><sp/></highlight><highlight class="keywordflow">throw</highlight><highlight class="normal"><sp/>e;</highlight></codeline>
<codeline lineno="86"><highlight class="normal"><sp/><sp/><sp/><sp/>}</highlight></codeline>
<codeline lineno="87"><highlight class="normal"><sp/><sp/>}</highlight></codeline>
<codeline lineno="88"><highlight class="normal"><sp/><sp/></highlight></codeline>
<codeline lineno="89"><highlight class="normal"><sp/><sp/></highlight><highlight class="comment">//<sp/>-<sp/>-<sp/>-<sp/>-<sp/>-<sp/>-<sp/>-<sp/>-<sp/>-<sp/>-<sp/>-<sp/>-<sp/>-<sp/>-<sp/>-<sp/>-<sp/>-<sp/>-<sp/>-<sp/>-<sp/>-<sp/>-<sp/>-<sp/>-<sp/>-<sp/>-<sp/>-<sp/>-<sp/>-<sp/>-<sp/>-<sp/>-<sp/>-<sp/>-<sp/>-</highlight><highlight class="normal"></highlight></codeline>
<codeline lineno="90"><highlight class="normal"><sp/><sp/></highlight></codeline>
<codeline lineno="95"><highlight class="normal"><sp/><sp/></highlight><highlight class="keyword">public</highlight><highlight class="normal"><sp/>String<sp/><ref refid="class_client_1ab26831c395da92b5893066f9ce7963a4" kindref="member">send</ref>(String<sp/>request)<sp/>{</highlight></codeline>
<codeline lineno="96"><highlight class="normal"><sp/><sp/><sp/><sp/></highlight><highlight class="comment">//<sp/>Envoyer<sp/>la<sp/>requete<sp/>au<sp/>serveur</highlight><highlight class="normal"></highlight></codeline>
<codeline lineno="97"><highlight class="normal"><sp/><sp/><sp/><sp/></highlight><highlight class="keywordflow">try</highlight><highlight class="normal"><sp/>{</highlight></codeline>
<codeline lineno="98"><highlight class="normal"><sp/><sp/><sp/><sp/><sp/><sp/>request<sp/>+=<sp/></highlight><highlight class="stringliteral">&quot;\n&quot;</highlight><highlight class="normal">;<sp/><sp/></highlight><highlight class="comment">//<sp/>ajouter<sp/>le<sp/>separateur<sp/>de<sp/>lignes</highlight><highlight class="normal"></highlight></codeline>
<codeline lineno="99"><highlight class="normal"><sp/><sp/><sp/><sp/><sp/><sp/>output.write(request,<sp/>0,<sp/>request.length());</highlight></codeline>
<codeline lineno="100"><highlight class="normal"><sp/><sp/><sp/><sp/><sp/><sp/>output.flush();</highlight></codeline>
<codeline lineno="101"><highlight class="normal"><sp/><sp/><sp/><sp/>}</highlight></codeline>
<codeline lineno="102"><highlight class="normal"><sp/><sp/><sp/><sp/></highlight><highlight class="keywordflow">catch</highlight><highlight class="normal"><sp/>(java.io.IOException<sp/>e)<sp/>{</highlight></codeline>
<codeline lineno="103"><highlight class="normal"><sp/><sp/><sp/><sp/><sp/><sp/>System.err.println(</highlight><highlight class="stringliteral">&quot;Client:<sp/>Couldn&apos;t<sp/>send<sp/>message:<sp/>&quot;</highlight><highlight class="normal"><sp/>+<sp/>e);</highlight></codeline>
<codeline lineno="104"><highlight class="normal"><sp/><sp/><sp/><sp/><sp/><sp/></highlight><highlight class="keywordflow">return</highlight><highlight class="normal"><sp/></highlight><highlight class="keyword">null</highlight><highlight class="normal">;</highlight></codeline>
<codeline lineno="105"><highlight class="normal"><sp/><sp/><sp/><sp/>}</highlight></codeline>
<codeline lineno="106"><highlight class="normal"><sp/><sp/><sp/><sp/></highlight></codeline>
<codeline lineno="107"><highlight class="normal"><sp/><sp/><sp/><sp/></highlight><highlight class="comment">//<sp/>Recuperer<sp/>le<sp/>resultat<sp/>envoye<sp/>par<sp/>le<sp/>serveur</highlight><highlight class="normal"></highlight></codeline>
<codeline lineno="108"><highlight class="normal"><sp/><sp/><sp/><sp/></highlight><highlight class="keywordflow">try</highlight><highlight class="normal"><sp/>{</highlight></codeline>
<codeline lineno="109"><highlight class="normal"><sp/><sp/><sp/><sp/><sp/><sp/></highlight><highlight class="keywordflow">return</highlight><highlight class="normal"><sp/>input.readLine();</highlight></codeline>
<codeline lineno="110"><highlight class="normal"><sp/><sp/><sp/><sp/>}</highlight></codeline>
<codeline lineno="111"><highlight class="normal"><sp/><sp/><sp/><sp/></highlight><highlight class="keywordflow">catch</highlight><highlight class="normal"><sp/>(java.io.IOException<sp/>e)<sp/>{</highlight></codeline>
<codeline lineno="112"><highlight class="normal"><sp/><sp/><sp/><sp/><sp/><sp/>System.err.println(</highlight><highlight class="stringliteral">&quot;Client:<sp/>Couldn&apos;t<sp/>receive<sp/>message:<sp/>&quot;</highlight><highlight class="normal"><sp/>+<sp/>e);</highlight></codeline>
<codeline lineno="113"><highlight class="normal"><sp/><sp/><sp/><sp/><sp/><sp/></highlight><highlight class="keywordflow">return</highlight><highlight class="normal"><sp/></highlight><highlight class="keyword">null</highlight><highlight class="normal">;</highlight></codeline>
<codeline lineno="114"><highlight class="normal"><sp/><sp/><sp/><sp/>}</highlight></codeline>
<codeline lineno="115"><highlight class="normal"><sp/><sp/>}</highlight></codeline>
<codeline lineno="116"><highlight class="normal">}</highlight></codeline>
<codeline lineno="117"><highlight class="normal"></highlight></codeline>
    </programlisting>
    <location file="C:/Users/nguye/OneDrive/Documents/cpp/swing/Client.java"/>
  </compounddef>
</doxygen>
