<?xml version='1.0' encoding='UTF-8' standalone='no'?>
<doxygen xmlns:xsi="http://www.w3.org/2001/XMLSchema-instance" xsi:noNamespaceSchemaLocation="compound.xsd" version="1.9.1" xml:lang="en-US">
  <compounddef id="class_interface_1_1_list_action" kind="class" language="Java" prot="package">
    <compoundname>Interface::ListAction</compoundname>
    <basecompoundref prot="public" virt="non-virtual">AbstractAction</basecompoundref>
      <sectiondef kind="private-static-attrib">
      <memberdef kind="variable" id="class_interface_1_1_list_action_1a1e70b287755031081731ce33bc420aaa" prot="private" static="yes" mutable="no">
        <type>final long</type>
        <definition>final long Interface.ListAction.serialVersionUID</definition>
        <argsstring></argsstring>
        <name>serialVersionUID</name>
        <initializer>= 2</initializer>
        <briefdescription>
        </briefdescription>
        <detaileddescription>
        </detaileddescription>
        <inbodydescription>
        </inbodydescription>
        <location file="C:/Users/nguye/OneDrive/Documents/cpp/swing/Interface.java" line="109" column="27" bodyfile="C:/Users/nguye/OneDrive/Documents/cpp/swing/Interface.java" bodystart="109" bodyend="-1"/>
      </memberdef>
      </sectiondef>
      <sectiondef kind="public-func">
      <memberdef kind="function" id="class_interface_1_1_list_action_1a9e825415191e58ba86d73a31db53b707" prot="public" static="no" const="no" explicit="no" inline="yes" virt="non-virtual">
        <type></type>
        <definition>Interface.ListAction.ListAction</definition>
        <argsstring>(String name)</argsstring>
        <name>ListAction</name>
        <param>
          <type>String</type>
          <declname>name</declname>
        </param>
        <briefdescription>
        </briefdescription>
        <detaileddescription>
        </detaileddescription>
        <inbodydescription>
        </inbodydescription>
        <location file="C:/Users/nguye/OneDrive/Documents/cpp/swing/Interface.java" line="110" column="8" bodyfile="C:/Users/nguye/OneDrive/Documents/cpp/swing/Interface.java" bodystart="110" bodyend="112"/>
      </memberdef>
      <memberdef kind="function" id="class_interface_1_1_list_action_1ad6af9d50de37776b0277a142e0efd44c" prot="public" static="no" const="no" explicit="no" inline="yes" virt="non-virtual">
        <type>void</type>
        <definition>void Interface.ListAction.actionPerformed</definition>
        <argsstring>(ActionEvent e)</argsstring>
        <name>actionPerformed</name>
        <param>
          <type>ActionEvent</type>
          <declname>e</declname>
        </param>
        <briefdescription>
        </briefdescription>
        <detaileddescription>
        </detaileddescription>
        <inbodydescription>
        </inbodydescription>
        <location file="C:/Users/nguye/OneDrive/Documents/cpp/swing/Interface.java" line="114" column="13" bodyfile="C:/Users/nguye/OneDrive/Documents/cpp/swing/Interface.java" bodystart="114" bodyend="120"/>
      </memberdef>
      </sectiondef>
    <briefdescription>
    </briefdescription>
    <detaileddescription>
<para>Calls client to send a LIST request to the server and shows the result in textArea </para>
    </detaileddescription>
    <inheritancegraph>
      <node id="1">
        <label>Interface.ListAction</label>
        <childnode refid="2" relation="public-inheritance">
        </childnode>
      </node>
      <node id="2">
        <label>AbstractAction</label>
      </node>
    </inheritancegraph>
    <collaborationgraph>
      <node id="1">
        <label>Interface.ListAction</label>
        <childnode refid="2" relation="public-inheritance">
        </childnode>
      </node>
      <node id="2">
        <label>AbstractAction</label>
      </node>
    </collaborationgraph>
    <location file="C:/Users/nguye/OneDrive/Documents/cpp/swing/Interface.java" line="108" column="1" bodyfile="C:/Users/nguye/OneDrive/Documents/cpp/swing/Interface.java" bodystart="108" bodyend="121"/>
    <listofallmembers>
      <member refid="class_interface_1_1_list_action_1ad6af9d50de37776b0277a142e0efd44c" prot="public" virt="non-virtual"><scope>Interface::ListAction</scope><name>actionPerformed</name></member>
      <member refid="class_interface_1_1_list_action_1a9e825415191e58ba86d73a31db53b707" prot="public" virt="non-virtual"><scope>Interface::ListAction</scope><name>ListAction</name></member>
      <member refid="class_interface_1_1_list_action_1a1e70b287755031081731ce33bc420aaa" prot="private" virt="non-virtual"><scope>Interface::ListAction</scope><name>serialVersionUID</name></member>
    </listofallmembers>
  </compounddef>
</doxygen>
