<?xml version='1.0' encoding='UTF-8' standalone='no'?>
<doxygen xmlns:xsi="http://www.w3.org/2001/XMLSchema-instance" xsi:noNamespaceSchemaLocation="compound.xsd" version="1.9.1" xml:lang="en-US">
  <compounddef id="class_main" kind="class" language="Java" prot="public">
    <compoundname>Main</compoundname>
      <sectiondef kind="package-static-attrib">
      <memberdef kind="variable" id="class_main_1a13a06728e47fde29f8593db247c6736b" prot="package" static="yes" mutable="no">
        <type>final String</type>
        <definition>final String Main.DEFAULT_HOST</definition>
        <argsstring></argsstring>
        <name>DEFAULT_HOST</name>
        <initializer>= &quot;localhost&quot;</initializer>
        <briefdescription>
        </briefdescription>
        <detaileddescription>
        </detaileddescription>
        <inbodydescription>
        </inbodydescription>
        <location file="C:/Users/nguye/OneDrive/Documents/cpp/swing/Main.java" line="3" column="21" bodyfile="C:/Users/nguye/OneDrive/Documents/cpp/swing/Main.java" bodystart="3" bodyend="-1"/>
      </memberdef>
      <memberdef kind="variable" id="class_main_1ab9ed80dd6f5ba479dc53d55491c669e4" prot="package" static="yes" mutable="no">
        <type>final int</type>
        <definition>final int Main.DEFAULT_PORT</definition>
        <argsstring></argsstring>
        <name>DEFAULT_PORT</name>
        <initializer>= 3331</initializer>
        <briefdescription>
        </briefdescription>
        <detaileddescription>
        </detaileddescription>
        <inbodydescription>
        </inbodydescription>
        <location file="C:/Users/nguye/OneDrive/Documents/cpp/swing/Main.java" line="4" column="18" bodyfile="C:/Users/nguye/OneDrive/Documents/cpp/swing/Main.java" bodystart="4" bodyend="-1"/>
      </memberdef>
      </sectiondef>
      <sectiondef kind="public-static-func">
      <memberdef kind="function" id="class_main_1a8a5d0f827edddff706cc0e6740d0579a" prot="public" static="yes" const="no" explicit="no" inline="yes" virt="non-virtual">
        <type>void</type>
        <definition>static void Main.main</definition>
        <argsstring>(String[] args)</argsstring>
        <name>main</name>
        <param>
          <type>String[]</type>
          <declname>args</declname>
        </param>
        <briefdescription>
        </briefdescription>
        <detaileddescription>
        </detaileddescription>
        <inbodydescription>
        </inbodydescription>
        <location file="C:/Users/nguye/OneDrive/Documents/cpp/swing/Main.java" line="6" column="20" bodyfile="C:/Users/nguye/OneDrive/Documents/cpp/swing/Main.java" bodystart="6" bodyend="24"/>
      </memberdef>
      </sectiondef>
    <briefdescription>
    </briefdescription>
    <detaileddescription>
    </detaileddescription>
    <location file="C:/Users/nguye/OneDrive/Documents/cpp/swing/Main.java" line="2" column="7" bodyfile="C:/Users/nguye/OneDrive/Documents/cpp/swing/Main.java" bodystart="2" bodyend="26"/>
    <listofallmembers>
      <member refid="class_main_1a13a06728e47fde29f8593db247c6736b" prot="package" virt="non-virtual"><scope>Main</scope><name>DEFAULT_HOST</name></member>
      <member refid="class_main_1ab9ed80dd6f5ba479dc53d55491c669e4" prot="package" virt="non-virtual"><scope>Main</scope><name>DEFAULT_PORT</name></member>
      <member refid="class_main_1a8a5d0f827edddff706cc0e6740d0579a" prot="public" virt="non-virtual"><scope>Main</scope><name>main</name></member>
    </listofallmembers>
  </compounddef>
</doxygen>
