<?xml version='1.0' encoding='UTF-8' standalone='no'?>
<doxygen xmlns:xsi="http://www.w3.org/2001/XMLSchema-instance" xsi:noNamespaceSchemaLocation="compound.xsd" version="1.9.1" xml:lang="en-US">
  <compounddef id="class_interface_1_1_play_action" kind="class" language="Java" prot="package">
    <compoundname>Interface::PlayAction</compoundname>
    <basecompoundref prot="public" virt="non-virtual">AbstractAction</basecompoundref>
      <sectiondef kind="private-static-attrib">
      <memberdef kind="variable" id="class_interface_1_1_play_action_1a2d017c80adc30adcbe3cc4d75fae84f4" prot="private" static="yes" mutable="no">
        <type>final long</type>
        <definition>final long Interface.PlayAction.serialVersionUID</definition>
        <argsstring></argsstring>
        <name>serialVersionUID</name>
        <initializer>= 1</initializer>
        <briefdescription>
        </briefdescription>
        <detaileddescription>
        </detaileddescription>
        <inbodydescription>
        </inbodydescription>
        <location file="C:/Users/nguye/OneDrive/Documents/cpp/swing/Interface.java" line="90" column="27" bodyfile="C:/Users/nguye/OneDrive/Documents/cpp/swing/Interface.java" bodystart="90" bodyend="-1"/>
      </memberdef>
      </sectiondef>
      <sectiondef kind="public-func">
      <memberdef kind="function" id="class_interface_1_1_play_action_1a476f0e49b940a47557fc954b4410d0ca" prot="public" static="no" const="no" explicit="no" inline="yes" virt="non-virtual">
        <type></type>
        <definition>Interface.PlayAction.PlayAction</definition>
        <argsstring>(String name)</argsstring>
        <name>PlayAction</name>
        <param>
          <type>String</type>
          <declname>name</declname>
        </param>
        <briefdescription>
        </briefdescription>
        <detaileddescription>
        </detaileddescription>
        <inbodydescription>
        </inbodydescription>
        <location file="C:/Users/nguye/OneDrive/Documents/cpp/swing/Interface.java" line="91" column="8" bodyfile="C:/Users/nguye/OneDrive/Documents/cpp/swing/Interface.java" bodystart="91" bodyend="93"/>
      </memberdef>
      <memberdef kind="function" id="class_interface_1_1_play_action_1a2b2e5f2dafc8a7240b077409a53c0f20" prot="public" static="no" const="no" explicit="no" inline="yes" virt="non-virtual">
        <type>void</type>
        <definition>void Interface.PlayAction.actionPerformed</definition>
        <argsstring>(ActionEvent e)</argsstring>
        <name>actionPerformed</name>
        <param>
          <type>ActionEvent</type>
          <declname>e</declname>
        </param>
        <briefdescription>
        </briefdescription>
        <detaileddescription>
        </detaileddescription>
        <inbodydescription>
        </inbodydescription>
        <location file="C:/Users/nguye/OneDrive/Documents/cpp/swing/Interface.java" line="95" column="13" bodyfile="C:/Users/nguye/OneDrive/Documents/cpp/swing/Interface.java" bodystart="95" bodyend="102"/>
      </memberdef>
      </sectiondef>
    <briefdescription>
    </briefdescription>
    <detaileddescription>
<para>Calls client to send a PLAY request to the server and shows the result in textArea </para>
    </detaileddescription>
    <inheritancegraph>
      <node id="1">
        <label>Interface.PlayAction</label>
        <childnode refid="2" relation="public-inheritance">
        </childnode>
      </node>
      <node id="2">
        <label>AbstractAction</label>
      </node>
    </inheritancegraph>
    <collaborationgraph>
      <node id="1">
        <label>Interface.PlayAction</label>
        <childnode refid="2" relation="public-inheritance">
        </childnode>
      </node>
      <node id="2">
        <label>AbstractAction</label>
      </node>
    </collaborationgraph>
    <location file="C:/Users/nguye/OneDrive/Documents/cpp/swing/Interface.java" line="89" column="1" bodyfile="C:/Users/nguye/OneDrive/Documents/cpp/swing/Interface.java" bodystart="89" bodyend="103"/>
    <listofallmembers>
      <member refid="class_interface_1_1_play_action_1a2b2e5f2dafc8a7240b077409a53c0f20" prot="public" virt="non-virtual"><scope>Interface::PlayAction</scope><name>actionPerformed</name></member>
      <member refid="class_interface_1_1_play_action_1a476f0e49b940a47557fc954b4410d0ca" prot="public" virt="non-virtual"><scope>Interface::PlayAction</scope><name>PlayAction</name></member>
      <member refid="class_interface_1_1_play_action_1a2d017c80adc30adcbe3cc4d75fae84f4" prot="private" virt="non-virtual"><scope>Interface::PlayAction</scope><name>serialVersionUID</name></member>
    </listofallmembers>
  </compounddef>
</doxygen>
