<?xml version='1.0' encoding='UTF-8' standalone='no'?>
<doxygen xmlns:xsi="http://www.w3.org/2001/XMLSchema-instance" xsi:noNamespaceSchemaLocation="compound.xsd" version="1.9.1" xml:lang="en-US">
  <compounddef id="dir_c5943f2a66e98d97de228ca03c868f13" kind="dir">
    <compoundname>C:/Users/nguye/OneDrive/Documents/cpp/swing</compoundname>
    <innerfile refid="_client_8java">Client.java</innerfile>
    <innerfile refid="_interface_8java">Interface.java</innerfile>
    <innerfile refid="_main_8java">Main.java</innerfile>
    <briefdescription>
    </briefdescription>
    <detaileddescription>
    </detaileddescription>
    <location file="C:/Users/nguye/OneDrive/Documents/cpp/swing/"/>
  </compounddef>
</doxygen>
