<?xml version='1.0' encoding='UTF-8' standalone='no'?>
<doxygenindex xmlns:xsi="http://www.w3.org/2001/XMLSchema-instance" xsi:noNamespaceSchemaLocation="index.xsd" version="1.9.1" xml:lang="en-US">
  <compound refid="class_client" kind="class"><name>Client</name>
    <member refid="class_client_1a726d54cbc7e555b2cba9cb7fb63ed6b4" kind="variable"><name>serialVersionUID</name></member>
    <member refid="class_client_1a302a618e988386463ceefd31bbfd4792" kind="variable"><name>DEFAULT_HOST</name></member>
    <member refid="class_client_1afd263578070034213b6042e18e90a5c4" kind="variable"><name>DEFAULT_PORT</name></member>
    <member refid="class_client_1ada8883642b4e572e515d7965d2ae60f2" kind="variable"><name>sock</name></member>
    <member refid="class_client_1a2444414fd925ffa72107d443d968c6f7" kind="variable"><name>input</name></member>
    <member refid="class_client_1a887c058363e5433882a9c2532196b7e3" kind="variable"><name>output</name></member>
    <member refid="class_client_1ac9fec818083d641b633a8e4a75d981a7" kind="function"><name>main</name></member>
    <member refid="class_client_1a163113b9c3fda23dcdc750db9278afbe" kind="function"><name>Client</name></member>
    <member refid="class_client_1ab26831c395da92b5893066f9ce7963a4" kind="function"><name>send</name></member>
  </compound>
  <compound refid="class_interface_1_1_close_action" kind="class"><name>Interface::CloseAction</name>
    <member refid="class_interface_1_1_close_action_1a22a9b3908bd9aade04e4efa988ae1b99" kind="variable"><name>serialVersionUID</name></member>
    <member refid="class_interface_1_1_close_action_1a2ddc0a3280945241ab80cec72d0e53d6" kind="function"><name>CloseAction</name></member>
    <member refid="class_interface_1_1_close_action_1a19f807abfd9d3d2976188dfdb8f67a5a" kind="function"><name>actionPerformed</name></member>
  </compound>
  <compound refid="class_interface" kind="class"><name>Interface</name>
    <member refid="class_interface_1aee95739ade7a198c12b26e63967c0f99" kind="variable"><name>serialVersionUID</name></member>
    <member refid="class_interface_1ac43f4b7da3c637a8aeac9fb41f3dd7cf" kind="variable"><name>textArea</name></member>
    <member refid="class_interface_1af9d9d44f3ea6f6b92be75c663406380f" kind="variable"><name>client</name></member>
    <member refid="class_interface_1a978b4ef6818e0532b319bb8816cb1f29" kind="function"><name>Interface</name></member>
    <member refid="class_interface_1a7d581e0985c73b37cd94f56304c63df0" kind="function"><name>parseResult</name></member>
  </compound>
  <compound refid="class_interface_1_1_list_action" kind="class"><name>Interface::ListAction</name>
    <member refid="class_interface_1_1_list_action_1a1e70b287755031081731ce33bc420aaa" kind="variable"><name>serialVersionUID</name></member>
    <member refid="class_interface_1_1_list_action_1a9e825415191e58ba86d73a31db53b707" kind="function"><name>ListAction</name></member>
    <member refid="class_interface_1_1_list_action_1ad6af9d50de37776b0277a142e0efd44c" kind="function"><name>actionPerformed</name></member>
  </compound>
  <compound refid="class_main" kind="class"><name>Main</name>
    <member refid="class_main_1a13a06728e47fde29f8593db247c6736b" kind="variable"><name>DEFAULT_HOST</name></member>
    <member refid="class_main_1ab9ed80dd6f5ba479dc53d55491c669e4" kind="variable"><name>DEFAULT_PORT</name></member>
    <member refid="class_main_1a8a5d0f827edddff706cc0e6740d0579a" kind="function"><name>main</name></member>
  </compound>
  <compound refid="class_interface_1_1_play_action" kind="class"><name>Interface::PlayAction</name>
    <member refid="class_interface_1_1_play_action_1a2d017c80adc30adcbe3cc4d75fae84f4" kind="variable"><name>serialVersionUID</name></member>
    <member refid="class_interface_1_1_play_action_1a476f0e49b940a47557fc954b4410d0ca" kind="function"><name>PlayAction</name></member>
    <member refid="class_interface_1_1_play_action_1a2b2e5f2dafc8a7240b077409a53c0f20" kind="function"><name>actionPerformed</name></member>
  </compound>
  <compound refid="class_interface_1_1_search_action" kind="class"><name>Interface::SearchAction</name>
    <member refid="class_interface_1_1_search_action_1a4cb84a61cd5189deceeba18ddc23c015" kind="variable"><name>serialVersionUID</name></member>
    <member refid="class_interface_1_1_search_action_1a1fc8bc4c15564e1355ebca23ddce5374" kind="function"><name>SearchAction</name></member>
    <member refid="class_interface_1_1_search_action_1a12d552a0872b0938991179cb175b40a1" kind="function"><name>actionPerformed</name></member>
  </compound>
  <compound refid="namespacejava_1_1awt_1_1event" kind="namespace"><name>java::awt::event</name>
  </compound>
  <compound refid="namespacejava_1_1io" kind="namespace"><name>java::io</name>
  </compound>
  <compound refid="namespacejava_1_1net" kind="namespace"><name>java::net</name>
  </compound>
  <compound refid="namespacejavax_1_1swing" kind="namespace"><name>javax::swing</name>
  </compound>
  <compound refid="_client_8java" kind="file"><name>Client.java</name>
  </compound>
  <compound refid="_interface_8java" kind="file"><name>Interface.java</name>
  </compound>
  <compound refid="_main_8java" kind="file"><name>Main.java</name>
  </compound>
  <compound refid="dir_c5943f2a66e98d97de228ca03c868f13" kind="dir"><name>C:/Users/nguye/OneDrive/Documents/cpp/swing</name>
  </compound>
</doxygenindex>
