<?xml version='1.0' encoding='UTF-8' standalone='no'?>
<doxygen xmlns:xsi="http://www.w3.org/2001/XMLSchema-instance" xsi:noNamespaceSchemaLocation="compound.xsd" version="1.9.1" xml:lang="en-US">
  <compounddef id="namespacejava_1_1net" kind="namespace" language="Java">
    <compoundname>java::net</compoundname>
    <briefdescription>
    </briefdescription>
    <detaileddescription>
    </detaileddescription>
    <location file="C:/Users/nguye/OneDrive/Documents/cpp/swing/Client.java" line="1" column="1"/>
  </compounddef>
</doxygen>
