<?xml version='1.0' encoding='UTF-8' standalone='no'?>
<section xmlns="http://docbook.org/ns/docbook" version="5.0" xmlns:xlink="http://www.w3.org/1999/xlink" xml:id="_class_interface" xml:lang="en-US">
<title>Interface Class Reference</title>
<indexterm><primary>Interface</primary></indexterm>
<para>Inheritance diagram for Interface:    <informalfigure>
        <mediaobject>
            <imageobject>
                <imagedata width="50%" align="center" valign="middle" scalefit="0" fileref="class_interface.png"></imagedata>
            </imageobject>
        </mediaobject>
    </informalfigure>
</para>
<simplesect>
    <title>Classes    </title>
        <itemizedlist>
            <listitem><para>class <emphasis role="strong">CloseAction</emphasis></para>
</listitem>
            <listitem><para>class <emphasis role="strong">ListAction</emphasis></para>
</listitem>
            <listitem><para>class <emphasis role="strong">PlayAction</emphasis></para>
</listitem>
            <listitem><para>class <emphasis role="strong">SearchAction</emphasis></para>
</listitem>
        </itemizedlist>
</simplesect>
<para>
The documentation for this class was generated from the following file:</para>
C:/Users/nguye/OneDrive/Documents/cpp/swing/Interface.java</section>
