<?xml version='1.0' encoding='UTF-8' standalone='no'?>
<section xmlns="http://docbook.org/ns/docbook" version="5.0" xmlns:xlink="http://www.w3.org/1999/xlink" xml:id="_class_client" xml:lang="en-US">
<title>Client Class Reference</title>
<indexterm><primary>Client</primary></indexterm>
<simplesect>
    <title>Public Member Functions    </title>
        <itemizedlist>
            <listitem><para><link linkend="_class_client_1a163113b9c3fda23dcdc750db9278afbe">Client</link> (String host, int port)  throws UnknownHostException, IOException </para>
</listitem>
            <listitem><para>String <link linkend="_class_client_1ab26831c395da92b5893066f9ce7963a4">send</link> (String request)</para>
</listitem>
        </itemizedlist>
</simplesect>
<simplesect>
    <title>Static Public Member Functions    </title>
        <itemizedlist>
            <listitem><para>static void <link linkend="_class_client_1ac9fec818083d641b633a8e4a75d981a7">main</link> (String argv[])</para>
</listitem>
        </itemizedlist>
</simplesect>
<section>
<title>Constructor &amp; Destructor Documentation</title>
<anchor xml:id="_class_client_1a163113b9c3fda23dcdc750db9278afbe"/>    <section>
    <title>Client()</title>
<indexterm><primary>Client</primary><secondary>Client</secondary></indexterm>
<indexterm><primary>Client</primary><secondary>Client</secondary></indexterm>
<para><computeroutput>Client.Client (String host, int port) throws UnknownHostException, IOException</computeroutput></para>
<para>Initialise la connexion. Renvoie une exception en cas d&apos;erreur. </para>
</section>
</section>
<section>
<title>Member Function Documentation</title>
<anchor xml:id="_class_client_1ac9fec818083d641b633a8e4a75d981a7"/>    <section>
    <title>main()</title>
<indexterm><primary>main</primary><secondary>Client</secondary></indexterm>
<indexterm><primary>Client</primary><secondary>main</secondary></indexterm>
<para><computeroutput>static void Client.main (String argv[])<computeroutput>[static]</computeroutput></computeroutput></para>
<para>Lit une requete depuis le Terminal, envoie cette requete au serveur, recupere sa reponse et l&apos;affiche sur le Terminal. Noter que le programme bloque si le serveur ne repond pas. </para>
    </section><anchor xml:id="_class_client_1ab26831c395da92b5893066f9ce7963a4"/>    <section>
    <title>send()</title>
<indexterm><primary>send</primary><secondary>Client</secondary></indexterm>
<indexterm><primary>Client</primary><secondary>send</secondary></indexterm>
<para><computeroutput>String Client.send (String request)</computeroutput></para>
<para>Envoie une requete au server et retourne sa reponse. Noter que la methode bloque si le serveur ne repond pas. </para>
</section>
<para>
The documentation for this class was generated from the following file:</para>
C:/Users/nguye/OneDrive/Documents/cpp/swing/Client.java</section>
</section>
