<?xml version='1.0' encoding='UTF-8' standalone='no'?>
<book xmlns="http://docbook.org/ns/docbook" version="5.0" xmlns:xlink="http://www.w3.org/1999/xlink" xml:id="_index" xml:lang="en-US">
    <info>
    <title>My Project</title>
    </info>
<chapter>
    <title>Class Documentation</title>
    <xi:include href="class_client.xml" xmlns:xi="http://www.w3.org/2001/XInclude"/>
    <xi:include href="class_interface.xml" xmlns:xi="http://www.w3.org/2001/XInclude"/>
    <xi:include href="class_main.xml" xmlns:xi="http://www.w3.org/2001/XInclude"/>
</chapter>
<index/>
</book>
